Workbook

Sheet LISTADO
A1: EVALUACIÓN DE ESPECIES · Antioquia Natural · Comité Científico Asesor
A2: # | B2: Fecha | C2: Evaluador(es) | D2: Nombre científico | E2: Nombre común (ES) | F2: Grupo | G2: Familia taxonómica | H2: Subregiones presentes | I2: P1 · IUCN (máx. 20) | J2: P2 · Endemismo (máx. 20) | K2: P3 · Rol ecológico (máx. 15) | L2: P4 · Rep. geográfica (máx. 15) | M2: P5a · Reconocibilidad (máx. 5) | N2: P5b · Historia natural (máx. 5) | O2: P5c · Valor cultural (máx. 5) | P2: P6 · Foto disponible (máx. 10) | Q2: P7 · Diversidad taxonómica (máx. 5) | R2: TOTAL (/100) | S2: Categoría | T2: Decisión comité | U2: Fuente fotográfica | V2: Notas
A3: 1 | R3: ==IF(I3="","",IFERROR(IFERROR(VLOOKUP(I3,Listas!$A$15:$B$20,2,0),0)+IFERROR(VLOOKUP(J3,Listas!$A$24:$B$29,2,0),0)+IFERROR(VLOOKUP(K3,Listas!$A$33:$B$37,2,0),0)+IFERROR(VLOOKUP(L3,Listas!$A$41:$B$44,2,0),0)+IFERROR(VLOOKUP(M3,Listas!$A$48:$B$50,2,0),0)+IFERROR(VLOOKUP(N3,Listas!$A$54:$B$56,2,0),0)+IFERROR(VLOOKUP(O3,Listas!$A$60:$B$62,2,0),0)+IFERROR(VLOOKUP(P3,Listas!$A$66:$B$69,2,0),0)+IFERROR(VLOOKUP(Q3,Listas!$A$73:$B$76,2,0),0),0)) | S3: ==IF(I3="","",IF(R3>=80,"Prioritaria",IF(R3>=60,"Recomendada",IF(R3>=40,"Condicional","Lista de espera"))))
A4: 2 | R4: ==IF(I4="","",IFERROR(IFERROR(VLOOKUP(I4,Listas!$A$15:$B$20,2,0),0)+IFERROR(VLOOKUP(J4,Listas!$A$24:$B$29,2,0),0)+IFERROR(VLOOKUP(K4,Listas!$A$33:$B$37,2,0),0)+IFERROR(VLOOKUP(L4,Listas!$A$41:$B$44,2,0),0)+IFERROR(VLOOKUP(M4,Listas!$A$48:$B$50,2,0),0)+IFERROR(VLOOKUP(N4,Listas!$A$54:$B$56,2,0),0)+IFERROR(VLOOKUP(O4,Listas!$A$60:$B$62,2,0),0)+IFERROR(VLOOKUP(P4,Listas!$A$66:$B$69,2,0),0)+IFERROR(VLOOKUP(Q4,Listas!$A$73:$B$76,2,0),0),0)) | S4: ==IF(I4="","",IF(R4>=80,"Prioritaria",IF(R4>=60,"Recomendada",IF(R4>=40,"Condicional","Lista de espera"))))
A5: 3 | R5: ==IF(I5="","",IFERROR(IFERROR(VLOOKUP(I5,Listas!$A$15:$B$20,2,0),0)+IFERROR(VLOOKUP(J5,Listas!$A$24:$B$29,2,0),0)+IFERROR(VLOOKUP(K5,Listas!$A$33:$B$37,2,0),0)+IFERROR(VLOOKUP(L5,Listas!$A$41:$B$44,2,0),0)+IFERROR(VLOOKUP(M5,Listas!$A$48:$B$50,2,0),0)+IFERROR(VLOOKUP(N5,Listas!$A$54:$B$56,2,0),0)+IFERROR(VLOOKUP(O5,Listas!$A$60:$B$62,2,0),0)+IFERROR(VLOOKUP(P5,Listas!$A$66:$B$69,2,0),0)+IFERROR(VLOOKUP(Q5,Listas!$A$73:$B$76,2,0),0),0)) | S5: ==IF(I5="","",IF(R5>=80,"Prioritaria",IF(R5>=60,"Recomendada",IF(R5>=40,"Condicional","Lista de espera"))))
A6: 4 | R6: ==IF(I6="","",IFERROR(IFERROR(VLOOKUP(I6,Listas!$A$15:$B$20,2,0),0)+IFERROR(VLOOKUP(J6,Listas!$A$24:$B$29,2,0),0)+IFERROR(VLOOKUP(K6,Listas!$A$33:$B$37,2,0),0)+IFERROR(VLOOKUP(L6,Listas!$A$41:$B$44,2,0),0)+IFERROR(VLOOKUP(M6,Listas!$A$48:$B$50,2,0),0)+IFERROR(VLOOKUP(N6,Listas!$A$54:$B$56,2,0),0)+IFERROR(VLOOKUP(O6,Listas!$A$60:$B$62,2,0),0)+IFERROR(VLOOKUP(P6,Listas!$A$66:$B$69,2,0),0)+IFERROR(VLOOKUP(Q6,Listas!$A$73:$B$76,2,0),0),0)) | S6: ==IF(I6="","",IF(R6>=80,"Prioritaria",IF(R6>=60,"Recomendada",IF(R6>=40,"Condicional","Lista de espera"))))
A7: 5 | R7: ==IF(I7="","",IFERROR(IFERROR(VLOOKUP(I7,Listas!$A$15:$B$20,2,0),0)+IFERROR(VLOOKUP(J7,Listas!$A$24:$B$29,2,0),0)+IFERROR(VLOOKUP(K7,Listas!$A$33:$B$37,2,0),0)+IFERROR(VLOOKUP(L7,Listas!$A$41:$B$44,2,0),0)+IFERROR(VLOOKUP(M7,Listas!$A$48:$B$50,2,0),0)+IFERROR(VLOOKUP(N7,Listas!$A$54:$B$56,2,0),0)+IFERROR(VLOOKUP(O7,Listas!$A$60:$B$62,2,0),0)+IFERROR(VLOOKUP(P7,Listas!$A$66:$B$69,2,0),0)+IFERROR(VLOOKUP(Q7,Listas!$A$73:$B$76,2,0),0),0)) | S7: ==IF(I7="","",IF(R7>=80,"Prioritaria",IF(R7>=60,"Recomendada",IF(R7>=40,"Condicional","Lista de espera"))))
A8: 6 | R8: ==IF(I8="","",IFERROR(IFERROR(VLOOKUP(I8,Listas!$A$15:$B$20,2,0),0)+IFERROR(VLOOKUP(J8,Listas!$A$24:$B$29,2,0),0)+IFERROR(VLOOKUP(K8,Listas!$A$33:$B$37,2,0),0)+IFERROR(VLOOKUP(L8,Listas!$A$41:$B$44,2,0),0)+IFERROR(VLOOKUP(M8,Listas!$A$48:$B$50,2,0),0)+IFERROR(VLOOKUP(N8,Listas!$A$54:$B$56,2,0),0)+IFERROR(VLOOKUP(O8,Listas!$A$60:$B$62,2,0),0)+IFERROR(VLOOKUP(P8,Listas!$A$66:$B$69,2,0),0)+IFERROR(VLOOKUP(Q8,Listas!$A$73:$B$76,2,0),0),0)) | S8: ==IF(I8="","",IF(R8>=80,"Prioritaria",IF(R8>=60,"Recomendada",IF(R8>=40,"Condicional","Lista de espera"))))
A9: 7 | R9: ==IF(I9="","",IFERROR(IFERROR(VLOOKUP(I9,Listas!$A$15:$B$20,2,0),0)+IFERROR(VLOOKUP(J9,Listas!$A$24:$B$29,2,0),0)+IFERROR(VLOOKUP(K9,Listas!$A$33:$B$37,2,0),0)+IFERROR(VLOOKUP(L9,Listas!$A$41:$B$44,2,0),0)+IFERROR(VLOOKUP(M9,Listas!$A$48:$B$50,2,0),0)+IFERROR(VLOOKUP(N9,Listas!$A$54:$B$56,2,0),0)+IFERROR(VLOOKUP(O9,Listas!$A$60:$B$62,2,0),0)+IFERROR(VLOOKUP(P9,Listas!$A$66:$B$69,2,0),0)+IFERROR(VLOOKUP(Q9,Listas!$A$73:$B$76,2,0),0),0)) | S9: ==IF(I9="","",IF(R9>=80,"Prioritaria",IF(R9>=60,"Recomendada",IF(R9>=40,"Condicional","Lista de espera"))))
A10: 8 | R10: ==IF(I10="","",IFERROR(IFERROR(VLOOKUP(I10,Listas!$A$15:$B$20,2,0),0)+IFERROR(VLOOKUP(J10,Listas!$A$24:$B$29,2,0),0)+IFERROR(VLOOKUP(K10,Listas!$A$33:$B$37,2,0),0)+IFERROR(VLOOKUP(L10,Listas!$A$41:$B$44,2,0),0)+IFERROR(VLOOKUP(M10,Listas!$A$48:$B$50,2,0),0)+IFERROR(VLOOKUP(N10,Listas!$A$54:$B$56,2,0),0)+IFERROR(VLOOKUP(O10,Listas!$A$60:$B$62,2,0),0)+IFERROR(VLOOKUP(P10,Listas!$A$66:$B$69,2,0),0)+IFERROR(VLOOKUP(Q10,Listas!$A$73:$B$76,2,0),0),0)) | S10: ==IF(I10="","",IF(R10>=80,"Prioritaria",IF(R10>=60,"Recomendada",IF(R10>=40,"Condicional","Lista de espera"))))
A11: 9 | R11: ==IF(I11="","",IFERROR(IFERROR(VLOOKUP(I11,Listas!$A$15:$B$20,2,0),0)+IFERROR(VLOOKUP(J11,Listas!$A$24:$B$29,2,0),0)+IFERROR(VLOOKUP(K11,Listas!$A$33:$B$37,2,0),0)+IFERROR(VLOOKUP(L11,Listas!$A$41:$B$44,2,0),0)+IFERROR(VLOOKUP(M11,Listas!$A$48:$B$50,2,0),0)+IFERROR(VLOOKUP(N11,Listas!$A$54:$B$56,2,0),0)+IFERROR(VLOOKUP(O11,Listas!$A$60:$B$62,2,0),0)+IFERROR(VLOOKUP(P11,Listas!$A$66:$B$69,2,0),0)+IFERROR(VLOOKUP(Q11,Listas!$A$73:$B$76,2,0),0),0)) | S11: ==IF(I11="","",IF(R11>=80,"Prioritaria",IF(R11>=60,"Recomendada",IF(R11>=40,"Condicional","Lista de espera"))))
A12: 10 | R12: ==IF(I12="","",IFERROR(IFERROR(VLOOKUP(I12,Listas!$A$15:$B$20,2,0),0)+IFERROR(VLOOKUP(J12,Listas!$A$24:$B$29,2,0),0)+IFERROR(VLOOKUP(K12,Listas!$A$33:$B$37,2,0),0)+IFERROR(VLOOKUP(L12,Listas!$A$41:$B$44,2,0),0)+IFERROR(VLOOKUP(M12,Listas!$A$48:$B$50,2,0),0)+IFERROR(VLOOKUP(N12,Listas!$A$54:$B$56,2,0),0)+IFERROR(VLOOKUP(O12,Listas!$A$60:$B$62,2,0),0)+IFERROR(VLOOKUP(P12,Listas!$A$66:$B$69,2,0),0)+IFERROR(VLOOKUP(Q12,Listas!$A$73:$B$76,2,0),0),0)) | S12: ==IF(I12="","",IF(R12>=80,"Prioritaria",IF(R12>=60,"Recomendada",IF(R12>=40,"Condicional","Lista de espera"))))
A13: 11 | R13: ==IF(I13="","",IFERROR(IFERROR(VLOOKUP(I13,Listas!$A$15:$B$20,2,0),0)+IFERROR(VLOOKUP(J13,Listas!$A$24:$B$29,2,0),0)+IFERROR(VLOOKUP(K13,Listas!$A$33:$B$37,2,0),0)+IFERROR(VLOOKUP(L13,Listas!$A$41:$B$44,2,0),0)+IFERROR(VLOOKUP(M13,Listas!$A$48:$B$50,2,0),0)+IFERROR(VLOOKUP(N13,Listas!$A$54:$B$56,2,0),0)+IFERROR(VLOOKUP(O13,Listas!$A$60:$B$62,2,0),0)+IFERROR(VLOOKUP(P13,Listas!$A$66:$B$69,2,0),0)+IFERROR(VLOOKUP(Q13,Listas!$A$73:$B$76,2,0),0),0)) | S13: ==IF(I13="","",IF(R13>=80,"Prioritaria",IF(R13>=60,"Recomendada",IF(R13>=40,"Condicional","Lista de espera"))))
A14: 12 | R14: ==IF(I14="","",IFERROR(IFERROR(VLOOKUP(I14,Listas!$A$15:$B$20,2,0),0)+IFERROR(VLOOKUP(J14,Listas!$A$24:$B$29,2,0),0)+IFERROR(VLOOKUP(K14,Listas!$A$33:$B$37,2,0),0)+IFERROR(VLOOKUP(L14,Listas!$A$41:$B$44,2,0),0)+IFERROR(VLOOKUP(M14,Listas!$A$48:$B$50,2,0),0)+IFERROR(VLOOKUP(N14,Listas!$A$54:$B$56,2,0),0)+IFERROR(VLOOKUP(O14,Listas!$A$60:$B$62,2,0),0)+IFERROR(VLOOKUP(P14,Listas!$A$66:$B$69,2,0),0)+IFERROR(VLOOKUP(Q14,Listas!$A$73:$B$76,2,0),0),0)) | S14: ==IF(I14="","",IF(R14>=80,"Prioritaria",IF(R14>=60,"Recomendada",IF(R14>=40,"Condicional","Lista de espera"))))
... A202: 200 | R202: ==IF(I202="","",IFERROR(IFERROR(VLOOKUP(I202,Listas!$A$15:$B$20,2,0),0)+IFERROR(VLOOKUP(J202,Listas!$A$24:$B$29,2,0),0)+IFERROR(VLOOKUP(K202,Listas!$A$33:$B$37,2,0),0)+IFERROR(VLOOKUP(L202,Listas!$A$41:$B$44,2,0),0)+IFERROR(VLOOKUP(M202,Listas!$A$48:$B$50,2,0),0)+IFERROR(VLOOKUP(N202,Listas!$A$54:$B$56,2,0),0)+IFERROR(VLOOKUP(O202,Listas!$A$60:$B$62,2,0),0)+IFERROR(VLOOKUP(P202,Listas!$A$66:$B$69,2,0),0)+IFERROR(VLOOKUP(Q202,Listas!$A$73:$B$76,2,0),0),0)) | S202: ==IF(I202="","",IF(R202>=80,"Prioritaria",IF(R202>=60,"Recomendada",IF(R202>=40,"Condicional","Lista de espera"))))

Sheet INSTRUCCIONES
A1: INSTRUCCIONES — Plantilla de Evaluación de Especies · Antioquia Natural
A3: ¿Cómo usar esta plantilla?
A4: 1. Ir a la hoja LISTADO.
A5: 2. Completar una fila por especie evaluada.
A6: 3. Ingresar los datos de identificación: nombre científico, nombre común, grupo, familia y subregiones (columnas A–H).
A7: 4. En las columnas P1–P7 (I–Q) abrir el desplegable y seleccionar la descripción que corresponda a la especie.
A8: 5. El TOTAL (col R) y la Categoría (col S) se calculan automáticamente con colores.
A9: 6. Registrar la Decisión del comité (col T), la fuente fotográfica (U) y observaciones (V).
A10: 7. Usar los filtros de la fila 2 para ver por grupo, categoría, decisión o evaluador.
A11: 8. P4 (representación geográfica) y P7 (diversidad taxonómica) son dinámicos — revisar al final de cada sesión.
A13: Interpretación del puntaje total (/100)
A14: Rango | B14: Pts | C14: Categoría | D14: Decisión recomendada
A15: 80 – 100 | B15: ≥80 | C15: Prioritaria | D15: Debe estar en versión 1.0 sin excepción
A16: 60 – 79 | B16: ≥60 | C16: Recomendada | D16: Incluir dentro del cupo disponible del grupo
A17: 40 – 59 | B17: ≥40 | C17: Condicional | D17: Incluir si hay cupo y cumple cuota mínima
A18: < 40 | B18: <40 | C18: Lista de espera | D18: Reservar para Fase 2 o reemplazos
A20: P1 · IUCN — (máx. 20)
A21: Descripción (opción del desplegable) | B21: Pts | C21: Notas
A22: CR · En peligro crítico | B22: 20
A23: EN · En peligro | B23: 17
A24: VU · Vulnerable | B24: 13
A25: NT · Casi amenazada | B25: 9
A26: DD · Datos insuficientes | B26: 7
A27: LC · Preocupación menor | B27: 4
A29: P2 · Endemismo — (máx. 20)
A30: Descripción (opción del desplegable) | B30: Pts | C30: Notas
A31: Endémica de Antioquia | B31: 20
A32: Endémica región andina | B32: 16
A33: Endémica de Colombia | B33: 13
A34: Cuasi-endémica | B34: 9
A35: Nativa no endémica | B35: 4
A36: Introducida / exótica | B36: 0
A38: P3 · Rol ecológico — (máx. 15)
A39: Descripción (opción del desplegable) | B39: Pts | C39: Notas
A40: Único o insustituible | B40: 15
A41: Importante con alternativas | B41: 11
A42: Moderado | B42: 7
A43: Genérico | B43: 3
A44: Sin documentar | B44: 1
A46: P4 · Rep. geográfica — (máx. 15)
A47: Descripción (opción del desplegable) | B47: Pts | C47: Notas
A48: Representante único de subregión | B48: 15
A49: Subregiones poco representadas | B49: 12
A50: 3 a 5 subregiones | B50: 8
A51: Distribución amplia (6-9 subr.) | B51: 5
A53: P5a · Reconocibilidad — (máx. 5)
A54: Descripción (opción del desplegable) | B54: Pts | C54: Notas
A55: Alta | B55: 5
A56: Media | B56: 3
A57: Baja | B57: 1
A59: P5b · Historia natural — (máx. 5)
A60: Descripción (opción del desplegable) | B60: Pts | C60: Notas
A61: Rica | B61: 5
A62: Moderada | B62: 3
A63: Pobre | B63: 1
A65: P5c · Valor cultural — (máx. 5)
A66: Descripción (opción del desplegable) | B66: Pts | C66: Notas
A67: Alto | B67: 5
A68: Medio | B68: 3
A69: Bajo | B69: 1
A71: P6 · Foto disponible — (máx. 10)
A72: Descripción (opción del desplegable) | B72: Pts | C72: Notas
A73: A · Foto propia disponible | B73: 10
A74: B · Foto libre (CC) disponible | B74: 8
A75: C · Foto encargable a corto plazo | B75: 5
A76: D · Foto difícil o largo plazo | B76: 2
A78: P7 · Diversidad taxonómica — (máx. 5)
A79: Descripción (opción del desplegable) | B79: Pts | C79: Notas
A80: Familia sin representantes | B80: 5
A81: Familia con 1 representante | B81: 3
A82: Familia con 2 representantes | B82: 1
A83: Familia con 3+ representantes | B83: 0
A85: Cuotas mínimas por grupo taxonómico
A86: Grupo | B86: Cupo sugerido | C86: Cupo mínimo | D86: Notas
A87: 🦜 Aves | B87: 30 | C87: 25
A88: 🐸 Anfibios y Reptiles | B88: 25 | C88: 20
A89: 🦋 Mariposas | B89: 20 | C89: 15
A90: 🌸 Orquídeas | B90: 20 | C90: 15
A91: 🌳 Árboles Nativos | B91: 18 | C91: 13
A92: 🐟 Peces de Agua Dulce | B92: 15 | C92: 10
A93: 🦌 Mamíferos | B93: 13 | C93: 10
A94: 🦗 Polillas | B94: 10 | C94: 7
A95: 🐄 Animales Domésticos | B95: 7 | C95: 5 | D95: P2: usar criterio de raza criolla colombiana
A96: TOTAL | B96: 158 | C96: 120 | D96: 150 ± 8 margen de ajuste permitido

Sheet Listas
A1: Grupos de biodiversidad
A2: Grupo
A3: Aves
A4: Anfibios y Reptiles
A5: Mariposas
A6: Polillas
A7: Mamíferos
A8: Animales Domésticos
A9: Peces de Agua Dulce
A10: Orquídeas
A11: Árboles Nativos
A13: P1 · IUCN — (máx. 20)
A14: Descripción | B14: Puntaje
A15: CR · En peligro crítico | B15: 20
A16: EN · En peligro | B16: 17
A17: VU · Vulnerable | B17: 13
A18: NT · Casi amenazada | B18: 9
A19: DD · Datos insuficientes | B19: 7
A20: LC · Preocupación menor | B20: 4
A22: P2 · Endemismo — (máx. 20)
A23: Descripción | B23: Puntaje
A24: Endémica de Antioquia | B24: 20
A25: Endémica región andina | B25: 16
A26: Endémica de Colombia | B26: 13
A27: Cuasi-endémica | B27: 9
A28: Nativa no endémica | B28: 4
A29: Introducida / exótica | B29: 0
A31: P3 · Rol ecológico — (máx. 15)
A32: Descripción | B32: Puntaje
A33: Único o insustituible | B33: 15
A34: Importante con alternativas | B34: 11
A35: Moderado | B35: 7
A36: Genérico | B36: 3
A37: Sin documentar | B37: 1
A39: P4 · Rep. geográfica — (máx. 15)
A40: Descripción | B40: Puntaje
A41: Representante único de subregión | B41: 15
A42: Subregiones poco representadas | B42: 12
A43: 3 a 5 subregiones | B43: 8
A44: Distribución amplia (6-9 subr.) | B44: 5
A46: P5a · Reconocibilidad — (máx. 5)
A47: Descripción | B47: Puntaje
A48: Alta | B48: 5
A49: Media | B49: 3
A50: Baja | B50: 1
A52: P5b · Historia natural — (máx. 5)
A53: Descripción | B53: Puntaje
A54: Rica | B54: 5
A55: Moderada | B55: 3
A56: Pobre | B56: 1
A58: P5c · Valor cultural — (máx. 5)
A59: Descripción | B59: Puntaje
A60: Alto | B60: 5
A61: Medio | B61: 3
A62: Bajo | B62: 1
A64: P6 · Foto disponible — (máx. 10)
A65: Descripción | B65: Puntaje
A66: A · Foto propia disponible | B66: 10
A67: B · Foto libre (CC) disponible | B67: 8
A68: C · Foto encargable a corto plazo | B68: 5
A69: D · Foto difícil o largo plazo | B69: 2
A71: P7 · Diversidad taxonómica — (máx. 5)
A72: Descripción | B72: Puntaje
A73: Familia sin representantes | B73: 5
A74: Familia con 1 representante | B74: 3
A75: Familia con 2 representantes | B75: 1
A76: Familia con 3+ representantes | B76: 0
A78: Subregiones de Antioquia
A79: Subregión
A80: Valle de Aburrá
A81: Oriente
A82: Suroeste
A83: Norte
A84: Occidente
A85: Urabá
A86: Bajo Cauca
A87: Nordeste
A88: Magdalena Medio
A90: Opciones de decisión del comité
A91: Decisión | B91: Descripción
A92: Incluida | B92: Especie aprobada para la versión 1.0
A93: Lista de espera | B93: Puntaje insuficiente; reservar para Fase 2
A94: Excluida | B94: No cumple criterios mínimos
A95: Pendiente revisión | B95: Requiere más información antes de decidir

Sheet RESUMEN
A1: RESUMEN DE EVALUACIÓN · Antioquia Natural · Comité Científico Asesor
A3: Totales generales
A4: Total especies evaluadas | B4: =COUNTA(LISTADO!D3:D202)
A5: Prioritarias (puntaje ≥ 80) | B5: =COUNTIF(LISTADO!S3:S202,"Prioritaria")
A6: Recomendadas (60 – 79 pts) | B6: =COUNTIF(LISTADO!S3:S202,"Recomendada")
A7: Condicionales (40 – 59 pts) | B7: =COUNTIF(LISTADO!S3:S202,"Condicional")
A8: Lista de espera (< 40 pts) | B8: =COUNTIF(LISTADO!S3:S202,"Lista de espera")
A9: Puntaje promedio | B9: =IFERROR(AVERAGEIF(LISTADO!R3:R202,">0"),"-")
A11: Por grupo taxonómico
A12: Grupo | B12: Evaluadas | C12: Prioritaria | D12: Recomendada | E12: Condicional | F12: Lista espera | G12: Promedio
A13: Aves | B13: =COUNTIF(LISTADO!F3:F202,"Aves") | C13: =COUNTIFS(LISTADO!F3:F202,"Aves",LISTADO!S3:S202,"Prioritaria") | D13: =COUNTIFS(LISTADO!F3:F202,"Aves",LISTADO!S3:S202,"Recomendada") | E13: =COUNTIFS(LISTADO!F3:F202,"Aves",LISTADO!S3:S202,"Condicional") | F13: =COUNTIFS(LISTADO!F3:F202,"Aves",LISTADO!S3:S202,"Lista de espera") | G13: =IFERROR(AVERAGEIFS(LISTADO!R3:R202,LISTADO!F3:F202,"Aves",LISTADO!R3:R202,">0"),"-")
A14: Anfibios y Reptiles | B14: =COUNTIF(LISTADO!F3:F202,"Anfibios y Reptiles") | C14: =COUNTIFS(LISTADO!F3:F202,"Anfibios y Reptiles",LISTADO!S3:S202,"Prioritaria") | D14: =COUNTIFS(LISTADO!F3:F202,"Anfibios y Reptiles",LISTADO!S3:S202,"Recomendada") | E14: =COUNTIFS(LISTADO!F3:F202,"Anfibios y Reptiles",LISTADO!S3:S202,"Condicional") | F14: =COUNTIFS(LISTADO!F3:F202,"Anfibios y Reptiles",LISTADO!S3:S202,"Lista de espera") | G14: =IFERROR(AVERAGEIFS(LISTADO!R3:R202,LISTADO!F3:F202,"Anfibios y Reptiles",LISTADO!R3:R202,">0"),"-")
A15: Mariposas | B15: =COUNTIF(LISTADO!F3:F202,"Mariposas") | C15: =COUNTIFS(LISTADO!F3:F202,"Mariposas",LISTADO!S3:S202,"Prioritaria") | D15: =COUNTIFS(LISTADO!F3:F202,"Mariposas",LISTADO!S3:S202,"Recomendada") | E15: =COUNTIFS(LISTADO!F3:F202,"Mariposas",LISTADO!S3:S202,"Condicional") | F15: =COUNTIFS(LISTADO!F3:F202,"Mariposas",LISTADO!S3:S202,"Lista de espera") | G15: =IFERROR(AVERAGEIFS(LISTADO!R3:R202,LISTADO!F3:F202,"Mariposas",LISTADO!R3:R202,">0"),"-")
A16: Polillas | B16: =COUNTIF(LISTADO!F3:F202,"Polillas") | C16: =COUNTIFS(LISTADO!F3:F202,"Polillas",LISTADO!S3:S202,"Prioritaria") | D16: =COUNTIFS(LISTADO!F3:F202,"Polillas",LISTADO!S3:S202,"Recomendada") | E16: =COUNTIFS(LISTADO!F3:F202,"Polillas",LISTADO!S3:S202,"Condicional") | F16: =COUNTIFS(LISTADO!F3:F202,"Polillas",LISTADO!S3:S202,"Lista de espera") | G16: =IFERROR(AVERAGEIFS(LISTADO!R3:R202,LISTADO!F3:F202,"Polillas",LISTADO!R3:R202,">0"),"-")
A17: Mamíferos | B17: =COUNTIF(LISTADO!F3:F202,"Mamíferos") | C17: =COUNTIFS(LISTADO!F3:F202,"Mamíferos",LISTADO!S3:S202,"Prioritaria") | D17: =COUNTIFS(LISTADO!F3:F202,"Mamíferos",LISTADO!S3:S202,"Recomendada") | E17: =COUNTIFS(LISTADO!F3:F202,"Mamíferos",LISTADO!S3:S202,"Condicional") | F17: =COUNTIFS(LISTADO!F3:F202,"Mamíferos",LISTADO!S3:S202,"Lista de espera") | G17: =IFERROR(AVERAGEIFS(LISTADO!R3:R202,LISTADO!F3:F202,"Mamíferos",LISTADO!R3:R202,">0"),"-")
A18: Animales Domésticos | B18: =COUNTIF(LISTADO!F3:F202,"Animales Domésticos") | C18: =COUNTIFS(LISTADO!F3:F202,"Animales Domésticos",LISTADO!S3:S202,"Prioritaria") | D18: =COUNTIFS(LISTADO!F3:F202,"Animales Domésticos",LISTADO!S3:S202,"Recomendada") | E18: =COUNTIFS(LISTADO!F3:F202,"Animales Domésticos",LISTADO!S3:S202,"Condicional") | F18: =COUNTIFS(LISTADO!F3:F202,"Animales Domésticos",LISTADO!S3:S202,"Lista de espera") | G18: =IFERROR(AVERAGEIFS(LISTADO!R3:R202,LISTADO!F3:F202,"Animales Domésticos",LISTADO!R3:R202,">0"),"-")
A19: Peces de Agua Dulce | B19: =COUNTIF(LISTADO!F3:F202,"Peces de Agua Dulce") | C19: =COUNTIFS(LISTADO!F3:F202,"Peces de Agua Dulce",LISTADO!S3:S202,"Prioritaria") | D19: =COUNTIFS(LISTADO!F3:F202,"Peces de Agua Dulce",LISTADO!S3:S202,"Recomendada") | E19: =COUNTIFS(LISTADO!F3:F202,"Peces de Agua Dulce",LISTADO!S3:S202,"Condicional") | F19: =COUNTIFS(LISTADO!F3:F202,"Peces de Agua Dulce",LISTADO!S3:S202,"Lista de espera") | G19: =IFERROR(AVERAGEIFS(LISTADO!R3:R202,LISTADO!F3:F202,"Peces de Agua Dulce",LISTADO!R3:R202,">0"),"-")
A20: Orquídeas | B20: =COUNTIF(LISTADO!F3:F202,"Orquídeas") | C20: =COUNTIFS(LISTADO!F3:F202,"Orquídeas",LISTADO!S3:S202,"Prioritaria") | D20: =COUNTIFS(LISTADO!F3:F202,"Orquídeas",LISTADO!S3:S202,"Recomendada") | E20: =COUNTIFS(LISTADO!F3:F202,"Orquídeas",LISTADO!S3:S202,"Condicional") | F20: =COUNTIFS(LISTADO!F3:F202,"Orquídeas",LISTADO!S3:S202,"Lista de espera") | G20: =IFERROR(AVERAGEIFS(LISTADO!R3:R202,LISTADO!F3:F202,"Orquídeas",LISTADO!R3:R202,">0"),"-")
A21: Árboles Nativos | B21: =COUNTIF(LISTADO!F3:F202,"Árboles Nativos") | C21: =COUNTIFS(LISTADO!F3:F202,"Árboles Nativos",LISTADO!S3:S202,"Prioritaria") | D21: =COUNTIFS(LISTADO!F3:F202,"Árboles Nativos",LISTADO!S3:S202,"Recomendada") | E21: =COUNTIFS(LISTADO!F3:F202,"Árboles Nativos",LISTADO!S3:S202,"Condicional") | F21: =COUNTIFS(LISTADO!F3:F202,"Árboles Nativos",LISTADO!S3:S202,"Lista de espera") | G21: =IFERROR(AVERAGEIFS(LISTADO!R3:R202,LISTADO!F3:F202,"Árboles Nativos",LISTADO!R3:R202,">0"),"-")
A22: TOTAL | B22: =SUM(B13:B21) | C22: =SUM(C13:C21) | D22: =SUM(D13:D21) | E22: =SUM(E13:E21) | F22: =SUM(F13:F21) | G22: =IFERROR(AVERAGEIF(LISTADO!R3:R202,">0"),"-")
A24: Top 150 — mayor puntaje
A25: Pos. | B25: Nombre científico | C25: Nombre común | D25: Grupo | E25: Puntaje | F25: Categoría
A26: 1 | B26: =IFERROR(INDEX(LISTADO!$D$3:$D$202,MATCH(LARGE(LISTADO!$R$3:$R$202,1),LISTADO!$R$3:$R$202,0)),"") | C26: =IFERROR(INDEX(LISTADO!$E$3:$E$202,MATCH(LARGE(LISTADO!$R$3:$R$202,1),LISTADO!$R$3:$R$202,0)),"") | D26: =IFERROR(INDEX(LISTADO!$F$3:$F$202,MATCH(LARGE(LISTADO!$R$3:$R$202,1),LISTADO!$R$3:$R$202,0)),"") | E26: =IFERROR(LARGE(LISTADO!$R$3:$R$202,1),"") | F26: =IFERROR(INDEX(LISTADO!$S$3:$S$202,MATCH(LARGE(LISTADO!$R$3:$R$202,1),LISTADO!$R$3:$R$202,0)),"")
A27: 2 | B27: =IFERROR(INDEX(LISTADO!$D$3:$D$202,MATCH(LARGE(LISTADO!$R$3:$R$202,2),LISTADO!$R$3:$R$202,0)),"") | C27: =IFERROR(INDEX(LISTADO!$E$3:$E$202,MATCH(LARGE(LISTADO!$R$3:$R$202,2),LISTADO!$R$3:$R$202,0)),"") | D27: =IFERROR(INDEX(LISTADO!$F$3:$F$202,MATCH(LARGE(LISTADO!$R$3:$R$202,2),LISTADO!$R$3:$R$202,0)),"") | E27: =IFERROR(LARGE(LISTADO!$R$3:$R$202,2),"") | F27: =IFERROR(INDEX(LISTADO!$S$3:$S$202,MATCH(LARGE(LISTADO!$R$3:$R$202,2),LISTADO!$R$3:$R$202,0)),"")
A28: 3 | B28: =IFERROR(INDEX(LISTADO!$D$3:$D$202,MATCH(LARGE(LISTADO!$R$3:$R$202,3),LISTADO!$R$3:$R$202,0)),"") | C28: =IFERROR(INDEX(LISTADO!$E$3:$E$202,MATCH(LARGE(LISTADO!$R$3:$R$202,3),LISTADO!$R$3:$R$202,0)),"") | D28: =IFERROR(INDEX(LISTADO!$F$3:$F$202,MATCH(LARGE(LISTADO!$R$3:$R$202,3),LISTADO!$R$3:$R$202,0)),"") | E28: =IFERROR(LARGE(LISTADO!$R$3:$R$202,3),"") | F28: =IFERROR(INDEX(LISTADO!$S$3:$S$202,MATCH(LARGE(LISTADO!$R$3:$R$202,3),LISTADO!$R$3:$R$202,0)),"")
A29: 4 | B29: =IFERROR(INDEX(LISTADO!$D$3:$D$202,MATCH(LARGE(LISTADO!$R$3:$R$202,4),LISTADO!$R$3:$R$202,0)),"") | C29: =IFERROR(INDEX(LISTADO!$E$3:$E$202,MATCH(LARGE(LISTADO!$R$3:$R$202,4),LISTADO!$R$3:$R$202,0)),"") | D29: =IFERROR(INDEX(LISTADO!$F$3:$F$202,MATCH(LARGE(LISTADO!$R$3:$R$202,4),LISTADO!$R$3:$R$202,0)),"") | E29: =IFERROR(LARGE(LISTADO!$R$3:$R$202,4),"") | F29: =IFERROR(INDEX(LISTADO!$S$3:$S$202,MATCH(LARGE(LISTADO!$R$3:$R$202,4),LISTADO!$R$3:$R$202,0)),"")
A30: 5 | B30: =IFERROR(INDEX(LISTADO!$D$3:$D$202,MATCH(LARGE(LISTADO!$R$3:$R$202,5),LISTADO!$R$3:$R$202,0)),"") | C30: =IFERROR(INDEX(LISTADO!$E$3:$E$202,MATCH(LARGE(LISTADO!$R$3:$R$202,5),LISTADO!$R$3:$R$202,0)),"") | D30: =IFERROR(INDEX(LISTADO!$F$3:$F$202,MATCH(LARGE(LISTADO!$R$3:$R$202,5),LISTADO!$R$3:$R$202,0)),"") | E30: =IFERROR(LARGE(LISTADO!$R$3:$R$202,5),"") | F30: =IFERROR(INDEX(LISTADO!$S$3:$S$202,MATCH(LARGE(LISTADO!$R$3:$R$202,5),LISTADO!$R$3:$R$202,0)),"")
A31: 6 | B31: =IFERROR(INDEX(LISTADO!$D$3:$D$202,MATCH(LARGE(LISTADO!$R$3:$R$202,6),LISTADO!$R$3:$R$202,0)),"") | C31: =IFERROR(INDEX(LISTADO!$E$3:$E$202,MATCH(LARGE(LISTADO!$R$3:$R$202,6),LISTADO!$R$3:$R$202,0)),"") | D31: =IFERROR(INDEX(LISTADO!$F$3:$F$202,MATCH(LARGE(LISTADO!$R$3:$R$202,6),LISTADO!$R$3:$R$202,0)),"") | E31: =IFERROR(LARGE(LISTADO!$R$3:$R$202,6),"") | F31: =IFERROR(INDEX(LISTADO!$S$3:$S$202,MATCH(LARGE(LISTADO!$R$3:$R$202,6),LISTADO!$R$3:$R$202,0)),"")
A32: 7 | B32: =IFERROR(INDEX(LISTADO!$D$3:$D$202,MATCH(LARGE(LISTADO!$R$3:$R$202,7),LISTADO!$R$3:$R$202,0)),"") | C32: =IFERROR(INDEX(LISTADO!$E$3:$E$202,MATCH(LARGE(LISTADO!$R$3:$R$202,7),LISTADO!$R$3:$R$202,0)),"") | D32: =IFERROR(INDEX(LISTADO!$F$3:$F$202,MATCH(LARGE(LISTADO!$R$3:$R$202,7),LISTADO!$R$3:$R$202,0)),"") | E32: =IFERROR(LARGE(LISTADO!$R$3:$R$202,7),"") | F32: =IFERROR(INDEX(LISTADO!$S$3:$S$202,MATCH(LARGE(LISTADO!$R$3:$R$202,7),LISTADO!$R$3:$R$202,0)),"")
A33: 8 | B33: =IFERROR(INDEX(LISTADO!$D$3:$D$202,MATCH(LARGE(LISTADO!$R$3:$R$202,8),LISTADO!$R$3:$R$202,0)),"") | C33: =IFERROR(INDEX(LISTADO!$E$3:$E$202,MATCH(LARGE(LISTADO!$R$3:$R$202,8),LISTADO!$R$3:$R$202,0)),"") | D33: =IFERROR(INDEX(LISTADO!$F$3:$F$202,MATCH(LARGE(LISTADO!$R$3:$R$202,8),LISTADO!$R$3:$R$202,0)),"") | E33: =IFERROR(LARGE(LISTADO!$R$3:$R$202,8),"") | F33: =IFERROR(INDEX(LISTADO!$S$3:$S$202,MATCH(LARGE(LISTADO!$R$3:$R$202,8),LISTADO!$R$3:$R$202,0)),"")
A34: 9 | B34: =IFERROR(INDEX(LISTADO!$D$3:$D$202,MATCH(LARGE(LISTADO!$R$3:$R$202,9),LISTADO!$R$3:$R$202,0)),"") | C34: =IFERROR(INDEX(LISTADO!$E$3:$E$202,MATCH(LARGE(LISTADO!$R$3:$R$202,9),LISTADO!$R$3:$R$202,0)),"") | D34: =IFERROR(INDEX(LISTADO!$F$3:$F$202,MATCH(LARGE(LISTADO!$R$3:$R$202,9),LISTADO!$R$3:$R$202,0)),"") | E34: =IFERROR(LARGE(LISTADO!$R$3:$R$202,9),"") | F34: =IFERROR(INDEX(LISTADO!$S$3:$S$202,MATCH(LARGE(LISTADO!$R$3:$R$202,9),LISTADO!$R$3:$R$202,0)),"")
A35: 10 | B35: =IFERROR(INDEX(LISTADO!$D$3:$D$202,MATCH(LARGE(LISTADO!$R$3:$R$202,10),LISTADO!$R$3:$R$202,0)),"") | C35: =IFERROR(INDEX(LISTADO!$E$3:$E$202,MATCH(LARGE(LISTADO!$R$3:$R$202,10),LISTADO!$R$3:$R$202,0)),"") | D35: =IFERROR(INDEX(LISTADO!$F$3:$F$202,MATCH(LARGE(LISTADO!$R$3:$R$202,10),LISTADO!$R$3:$R$202,0)),"") | E35: =IFERROR(LARGE(LISTADO!$R$3:$R$202,10),"") | F35: =IFERROR(INDEX(LISTADO!$S$3:$S$202,MATCH(LARGE(LISTADO!$R$3:$R$202,10),LISTADO!$R$3:$R$202,0)),"")
A36: 11 | B36: =IFERROR(INDEX(LISTADO!$D$3:$D$202,MATCH(LARGE(LISTADO!$R$3:$R$202,11),LISTADO!$R$3:$R$202,0)),"") | C36: =IFERROR(INDEX(LISTADO!$E$3:$E$202,MATCH(LARGE(LISTADO!$R$3:$R$202,11),LISTADO!$R$3:$R$202,0)),"") | D36: =IFERROR(INDEX(LISTADO!$F$3:$F$202,MATCH(LARGE(LISTADO!$R$3:$R$202,11),LISTADO!$R$3:$R$202,0)),"") | E36: =IFERROR(LARGE(LISTADO!$R$3:$R$202,11),"") | F36: =IFERROR(INDEX(LISTADO!$S$3:$S$202,MATCH(LARGE(LISTADO!$R$3:$R$202,11),LISTADO!$R$3:$R$202,0)),"")
A37: 12 | B37: =IFERROR(INDEX(LISTADO!$D$3:$D$202,MATCH(LARGE(LISTADO!$R$3:$R$202,12),LISTADO!$R$3:$R$202,0)),"") | C37: =IFERROR(INDEX(LISTADO!$E$3:$E$202,MATCH(LARGE(LISTADO!$R$3:$R$202,12),LISTADO!$R$3:$R$202,0)),"") | D37: =IFERROR(INDEX(LISTADO!$F$3:$F$202,MATCH(LARGE(LISTADO!$R$3:$R$202,12),LISTADO!$R$3:$R$202,0)),"") | E37: =IFERROR(LARGE(LISTADO!$R$3:$R$202,12),"") | F37: =IFERROR(INDEX(LISTADO!$S$3:$S$202,MATCH(LARGE(LISTADO!$R$3:$R$202,12),LISTADO!$R$3:$R$202,0)),"")
A38: 13 | B38: =IFERROR(INDEX(LISTADO!$D$3:$D$202,MATCH(LARGE(LISTADO!$R$3:$R$202,13),LISTADO!$R$3:$R$202,0)),"") | C38: =IFERROR(INDEX(LISTADO!$E$3:$E$202,MATCH(LARGE(LISTADO!$R$3:$R$202,13),LISTADO!$R$3:$R$202,0)),"") | D38: =IFERROR(INDEX(LISTADO!$F$3:$F$202,MATCH(LARGE(LISTADO!$R$3:$R$202,13),LISTADO!$R$3:$R$202,0)),"") | E38: =IFERROR(LARGE(LISTADO!$R$3:$R$202,13),"") | F38: =IFERROR(INDEX(LISTADO!$S$3:$S$202,MATCH(LARGE(LISTADO!$R$3:$R$202,13),LISTADO!$R$3:$R$202,0)),"")
A39: 14 | B39: =IFERROR(INDEX(LISTADO!$D$3:$D$202,MATCH(LARGE(LISTADO!$R$3:$R$202,14),LISTADO!$R$3:$R$202,0)),"") | C39: =IFERROR(INDEX(LISTADO!$E$3:$E$202,MATCH(LARGE(LISTADO!$R$3:$R$202,14),LISTADO!$R$3:$R$202,0)),"") | D39: =IFERROR(INDEX(LISTADO!$F$3:$F$202,MATCH(LARGE(LISTADO!$R$3:$R$202,14),LISTADO!$R$3:$R$202,0)),"") | E39: =IFERROR(LARGE(LISTADO!$R$3:$R$202,14),"") | F39: =IFERROR(INDEX(LISTADO!$S$3:$S$202,MATCH(LARGE(LISTADO!$R$3:$R$202,14),LISTADO!$R$3:$R$202,0)),"")
A40: 15 | B40: =IFERROR(INDEX(LISTADO!$D$3:$D$202,MATCH(LARGE(LISTADO!$R$3:$R$202,15),LISTADO!$R$3:$R$202,0)),"") | C40: =IFERROR(INDEX(LISTADO!$E$3:$E$202,MATCH(LARGE(LISTADO!$R$3:$R$202,15),LISTADO!$R$3:$R$202,0)),"") | D40: =IFERROR(INDEX(LISTADO!$F$3:$F$202,MATCH(LARGE(LISTADO!$R$3:$R$202,15),LISTADO!$R$3:$R$202,0)),"") | E40: =IFERROR(LARGE(LISTADO!$R$3:$R$202,15),"") | F40: =IFERROR(INDEX(LISTADO!$S$3:$S$202,MATCH(LARGE(LISTADO!$R$3:$R$202,15),LISTADO!$R$3:$R$202,0)),"")
A41: 16 | B41: =IFERROR(INDEX(LISTADO!$D$3:$D$202,MATCH(LARGE(LISTADO!$R$3:$R$202,16),LISTADO!$R$3:$R$202,0)),"") | C41: =IFERROR(INDEX(LISTADO!$E$3:$E$202,MATCH(LARGE(LISTADO!$R$3:$R$202,16),LISTADO!$R$3:$R$202,0)),"") | D41: =IFERROR(INDEX(LISTADO!$F$3:$F$202,MATCH(LARGE(LISTADO!$R$3:$R$202,16),LISTADO!$R$3:$R$202,0)),"") | E41: =IFERROR(LARGE(LISTADO!$R$3:$R$202,16),"") | F41: =IFERROR(INDEX(LISTADO!$S$3:$S$202,MATCH(LARGE(LISTADO!$R$3:$R$202,16),LISTADO!$R$3:$R$202,0)),"")
A42: 17 | B42: =IFERROR(INDEX(LISTADO!$D$3:$D$202,MATCH(LARGE(LISTADO!$R$3:$R$202,17),LISTADO!$R$3:$R$202,0)),"") | C42: =IFERROR(INDEX(LISTADO!$E$3:$E$202,MATCH(LARGE(LISTADO!$R$3:$R$202,17),LISTADO!$R$3:$R$202,0)),"") | D42: =IFERROR(INDEX(LISTADO!$F$3:$F$202,MATCH(LARGE(LISTADO!$R$3:$R$202,17),LISTADO!$R$3:$R$202,0)),"") | E42: =IFERROR(LARGE(LISTADO!$R$3:$R$202,17),"") | F42: =IFERROR(INDEX(LISTADO!$S$3:$S$202,MATCH(LARGE(LISTADO!$R$3:$R$202,17),LISTADO!$R$3:$R$202,0)),"")
A43: 18 | B43: =IFERROR(INDEX(LISTADO!$D$3:$D$202,MATCH(LARGE(LISTADO!$R$3:$R$202,18),LISTADO!$R$3:$R$202,0)),"") | C43: =IFERROR(INDEX(LISTADO!$E$3:$E$202,MATCH(LARGE(LISTADO!$R$3:$R$202,18),LISTADO!$R$3:$R$202,0)),"") | D43: =IFERROR(INDEX(LISTADO!$F$3:$F$202,MATCH(LARGE(LISTADO!$R$3:$R$202,18),LISTADO!$R$3:$R$202,0)),"") | E43: =IFERROR(LARGE(LISTADO!$R$3:$R$202,18),"") | F43: =IFERROR(INDEX(LISTADO!$S$3:$S$202,MATCH(LARGE(LISTADO!$R$3:$R$202,18),LISTADO!$R$3:$R$202,0)),"")
A44: 19 | B44: =IFERROR(INDEX(LISTADO!$D$3:$D$202,MATCH(LARGE(LISTADO!$R$3:$R$202,19),LISTADO!$R$3:$R$202,0)),"") | C44: =IFERROR(INDEX(LISTADO!$E$3:$E$202,MATCH(LARGE(LISTADO!$R$3:$R$202,19),LISTADO!$R$3:$R$202,0)),"") | D44: =IFERROR(INDEX(LISTADO!$F$3:$F$202,MATCH(LARGE(LISTADO!$R$3:$R$202,19),LISTADO!$R$3:$R$202,0)),"") | E44: =IFERROR(LARGE(LISTADO!$R$3:$R$202,19),"") | F44: =IFERROR(INDEX(LISTADO!$S$3:$S$202,MATCH(LARGE(LISTADO!$R$3:$R$202,19),LISTADO!$R$3:$R$202,0)),"")
A45: 20 | B45: =IFERROR(INDEX(LISTADO!$D$3:$D$202,MATCH(LARGE(LISTADO!$R$3:$R$202,20),LISTADO!$R$3:$R$202,0)),"") | C45: =IFERROR(INDEX(LISTADO!$E$3:$E$202,MATCH(LARGE(LISTADO!$R$3:$R$202,20),LISTADO!$R$3:$R$202,0)),"") | D45: =IFERROR(INDEX(LISTADO!$F$3:$F$202,MATCH(LARGE(LISTADO!$R$3:$R$202,20),LISTADO!$R$3:$R$202,0)),"") | E45: =IFERROR(LARGE(LISTADO!$R$3:$R$202,20),"") | F45: =IFERROR(INDEX(LISTADO!$S$3:$S$202,MATCH(LARGE(LISTADO!$R$3:$R$202,20),LISTADO!$R$3:$R$202,0)),"")
A46: 21 | B46: =IFERROR(INDEX(LISTADO!$D$3:$D$202,MATCH(LARGE(LISTADO!$R$3:$R$202,21),LISTADO!$R$3:$R$202,0)),"") | C46: =IFERROR(INDEX(LISTADO!$E$3:$E$202,MATCH(LARGE(LISTADO!$R$3:$R$202,21),LISTADO!$R$3:$R$202,0)),"") | D46: =IFERROR(INDEX(LISTADO!$F$3:$F$202,MATCH(LARGE(LISTADO!$R$3:$R$202,21),LISTADO!$R$3:$R$202,0)),"") | E46: =IFERROR(LARGE(LISTADO!$R$3:$R$202,21),"") | F46: =IFERROR(INDEX(LISTADO!$S$3:$S$202,MATCH(LARGE(LISTADO!$R$3:$R$202,21),LISTADO!$R$3:$R$202,0)),"")
A47: 22 | B47: =IFERROR(INDEX(LISTADO!$D$3:$D$202,MATCH(LARGE(LISTADO!$R$3:$R$202,22),LISTADO!$R$3:$R$202,0)),"") | C47: =IFERROR(INDEX(LISTADO!$E$3:$E$202,MATCH(LARGE(LISTADO!$R$3:$R$202,22),LISTADO!$R$3:$R$202,0)),"") | D47: =IFERROR(INDEX(LISTADO!$F$3:$F$202,MATCH(LARGE(LISTADO!$R$3:$R$202,22),LISTADO!$R$3:$R$202,0)),"") | E47: =IFERROR(LARGE(LISTADO!$R$3:$R$202,22),"") | F47: =IFERROR(INDEX(LISTADO!$S$3:$S$202,MATCH(LARGE(LISTADO!$R$3:$R$202,22),LISTADO!$R$3:$R$202,0)),"")
A48: 23 | B48: =IFERROR(INDEX(LISTADO!$D$3:$D$202,MATCH(LARGE(LISTADO!$R$3:$R$202,23),LISTADO!$R$3:$R$202,0)),"") | C48: =IFERROR(INDEX(LISTADO!$E$3:$E$202,MATCH(LARGE(LISTADO!$R$3:$R$202,23),LISTADO!$R$3:$R$202,0)),"") | D48: =IFERROR(INDEX(LISTADO!$F$3:$F$202,MATCH(LARGE(LISTADO!$R$3:$R$202,23),LISTADO!$R$3:$R$202,0)),"") | E48: =IFERROR(LARGE(LISTADO!$R$3:$R$202,23),"") | F48: =IFERROR(INDEX(LISTADO!$S$3:$S$202,MATCH(LARGE(LISTADO!$R$3:$R$202,23),LISTADO!$R$3:$R$202,0)),"")
A49: 24 | B49: =IFERROR(INDEX(LISTADO!$D$3:$D$202,MATCH(LARGE(LISTADO!$R$3:$R$202,24),LISTADO!$R$3:$R$202,0)),"") | C49: =IFERROR(INDEX(LISTADO!$E$3:$E$202,MATCH(LARGE(LISTADO!$R$3:$R$202,24),LISTADO!$R$3:$R$202,0)),"") | D49: =IFERROR(INDEX(LISTADO!$F$3:$F$202,MATCH(LARGE(LISTADO!$R$3:$R$202,24),LISTADO!$R$3:$R$202,0)),"") | E49: =IFERROR(LARGE(LISTADO!$R$3:$R$202,24),"") | F49: =IFERROR(INDEX(LISTADO!$S$3:$S$202,MATCH(LARGE(LISTADO!$R$3:$R$202,24),LISTADO!$R$3:$R$202,0)),"")
A50: 25 | B50: =IFERROR(INDEX(LISTADO!$D$3:$D$202,MATCH(LARGE(LISTADO!$R$3:$R$202,25),LISTADO!$R$3:$R$202,0)),"") | C50: =IFERROR(INDEX(LISTADO!$E$3:$E$202,MATCH(LARGE(LISTADO!$R$3:$R$202,25),LISTADO!$R$3:$R$202,0)),"") | D50: =IFERROR(INDEX(LISTADO!$F$3:$F$202,MATCH(LARGE(LISTADO!$R$3:$R$202,25),LISTADO!$R$3:$R$202,0)),"") | E50: =IFERROR(LARGE(LISTADO!$R$3:$R$202,25),"") | F50: =IFERROR(INDEX(LISTADO!$S$3:$S$202,MATCH(LARGE(LISTADO!$R$3:$R$202,25),LISTADO!$R$3:$R$202,0)),"")
A51: 26 | B51: =IFERROR(INDEX(LISTADO!$D$3:$D$202,MATCH(LARGE(LISTADO!$R$3:$R$202,26),LISTADO!$R$3:$R$202,0)),"") | C51: =IFERROR(INDEX(LISTADO!$E$3:$E$202,MATCH(LARGE(LISTADO!$R$3:$R$202,26),LISTADO!$R$3:$R$202,0)),"") | D51: =IFERROR(INDEX(LISTADO!$F$3:$F$202,MATCH(LARGE(LISTADO!$R$3:$R$202,26),LISTADO!$R$3:$R$202,0)),"") | E51: =IFERROR(LARGE(LISTADO!$R$3:$R$202,26),"") | F51: =IFERROR(INDEX(LISTADO!$S$3:$S$202,MATCH(LARGE(LISTADO!$R$3:$R$202,26),LISTADO!$R$3:$R$202,0)),"")
A52: 27 | B52: =IFERROR(INDEX(LISTADO!$D$3:$D$202,MATCH(LARGE(LISTADO!$R$3:$R$202,27),LISTADO!$R$3:$R$202,0)),"") | C52: =IFERROR(INDEX(LISTADO!$E$3:$E$202,MATCH(LARGE(LISTADO!$R$3:$R$202,27),LISTADO!$R$3:$R$202,0)),"") | D52: =IFERROR(INDEX(LISTADO!$F$3:$F$202,MATCH(LARGE(LISTADO!$R$3:$R$202,27),LISTADO!$R$3:$R$202,0)),"") | E52: =IFERROR(LARGE(LISTADO!$R$3:$R$202,27),"") | F52: =IFERROR(INDEX(LISTADO!$S$3:$S$202,MATCH(LARGE(LISTADO!$R$3:$R$202,27),LISTADO!$R$3:$R$202,0)),"")
A53: 28 | B53: =IFERROR(INDEX(LISTADO!$D$3:$D$202,MATCH(LARGE(LISTADO!$R$3:$R$202,28),LISTADO!$R$3:$R$202,0)),"") | C53: =IFERROR(INDEX(LISTADO!$E$3:$E$202,MATCH(LARGE(LISTADO!$R$3:$R$202,28),LISTADO!$R$3:$R$202,0)),"") | D53: =IFERROR(INDEX(LISTADO!$F$3:$F$202,MATCH(LARGE(LISTADO!$R$3:$R$202,28),LISTADO!$R$3:$R$202,0)),"") | E53: =IFERROR(LARGE(LISTADO!$R$3:$R$202,28),"") | F53: =IFERROR(INDEX(LISTADO!$S$3:$S$202,MATCH(LARGE(LISTADO!$R$3:$R$202,28),LISTADO!$R$3:$R$202,0)),"")
A54: 29 | B54: =IFERROR(INDEX(LISTADO!$D$3:$D$202,MATCH(LARGE(LISTADO!$R$3:$R$202,29),LISTADO!$R$3:$R$202,0)),"") | C54: =IFERROR(INDEX(LISTADO!$E$3:$E$202,MATCH(LARGE(LISTADO!$R$3:$R$202,29),LISTADO!$R$3:$R$202,0)),"") | D54: =IFERROR(INDEX(LISTADO!$F$3:$F$202,MATCH(LARGE(LISTADO!$R$3:$R$202,29),LISTADO!$R$3:$R$202,0)),"") | E54: =IFERROR(LARGE(LISTADO!$R$3:$R$202,29),"") | F54: =IFERROR(INDEX(LISTADO!$S$3:$S$202,MATCH(LARGE(LISTADO!$R$3:$R$202,29),LISTADO!$R$3:$R$202,0)),"")
A55: 30 | B55: =IFERROR(INDEX(LISTADO!$D$3:$D$202,MATCH(LARGE(LISTADO!$R$3:$R$202,30),LISTADO!$R$3:$R$202,0)),"") | C55: =IFERROR(INDEX(LISTADO!$E$3:$E$202,MATCH(LARGE(LISTADO!$R$3:$R$202,30),LISTADO!$R$3:$R$202,0)),"") | D55: =IFERROR(INDEX(LISTADO!$F$3:$F$202,MATCH(LARGE(LISTADO!$R$3:$R$202,30),LISTADO!$R$3:$R$202,0)),"") | E55: =IFERROR(LARGE(LISTADO!$R$3:$R$202,30),"") | F55: =IFERROR(INDEX(LISTADO!$S$3:$S$202,MATCH(LARGE(LISTADO!$R$3:$R$202,30),LISTADO!$R$3:$R$202,0)),"")
A56: 31 | B56: =IFERROR(INDEX(LISTADO!$D$3:$D$202,MATCH(LARGE(LISTADO!$R$3:$R$202,31),LISTADO!$R$3:$R$202,0)),"") | C56: =IFERROR(INDEX(LISTADO!$E$3:$E$202,MATCH(LARGE(LISTADO!$R$3:$R$202,31),LISTADO!$R$3:$R$202,0)),"") | D56: =IFERROR(INDEX(LISTADO!$F$3:$F$202,MATCH(LARGE(LISTADO!$R$3:$R$202,31),LISTADO!$R$3:$R$202,0)),"") | E56: =IFERROR(LARGE(LISTADO!$R$3:$R$202,31),"") | F56: =IFERROR(INDEX(LISTADO!$S$3:$S$202,MATCH(LARGE(LISTADO!$R$3:$R$202,31),LISTADO!$R$3:$R$202,0)),"")
A57: 32 | B57: =IFERROR(INDEX(LISTADO!$D$3:$D$202,MATCH(LARGE(LISTADO!$R$3:$R$202,32),LISTADO!$R$3:$R$202,0)),"") | C57: =IFERROR(INDEX(LISTADO!$E$3:$E$202,MATCH(LARGE(LISTADO!$R$3:$R$202,32),LISTADO!$R$3:$R$202,0)),"") | D57: =IFERROR(INDEX(LISTADO!$F$3:$F$202,MATCH(LARGE(LISTADO!$R$3:$R$202,32),LISTADO!$R$3:$R$202,0)),"") | E57: =IFERROR(LARGE(LISTADO!$R$3:$R$202,32),"") | F57: =IFERROR(INDEX(LISTADO!$S$3:$S$202,MATCH(LARGE(LISTADO!$R$3:$R$202,32),LISTADO!$R$3:$R$202,0)),"")
A58: 33 | B58: =IFERROR(INDEX(LISTADO!$D$3:$D$202,MATCH(LARGE(LISTADO!$R$3:$R$202,33),LISTADO!$R$3:$R$202,0)),"") | C58: =IFERROR(INDEX(LISTADO!$E$3:$E$202,MATCH(LARGE(LISTADO!$R$3:$R$202,33),LISTADO!$R$3:$R$202,0)),"") | D58: =IFERROR(INDEX(LISTADO!$F$3:$F$202,MATCH(LARGE(LISTADO!$R$3:$R$202,33),LISTADO!$R$3:$R$202,0)),"") | E58: =IFERROR(LARGE(LISTADO!$R$3:$R$202,33),"") | F58: =IFERROR(INDEX(LISTADO!$S$3:$S$202,MATCH(LARGE(LISTADO!$R$3:$R$202,33),LISTADO!$R$3:$R$202,0)),"")
A59: 34 | B59: =IFERROR(INDEX(LISTADO!$D$3:$D$202,MATCH(LARGE(LISTADO!$R$3:$R$202,34),LISTADO!$R$3:$R$202,0)),"") | C59: =IFERROR(INDEX(LISTADO!$E$3:$E$202,MATCH(LARGE(LISTADO!$R$3:$R$202,34),LISTADO!$R$3:$R$202,0)),"") | D59: =IFERROR(INDEX(LISTADO!$F$3:$F$202,MATCH(LARGE(LISTADO!$R$3:$R$202,34),LISTADO!$R$3:$R$202,0)),"") | E59: =IFERROR(LARGE(LISTADO!$R$3:$R$202,34),"") | F59: =IFERROR(INDEX(LISTADO!$S$3:$S$202,MATCH(LARGE(LISTADO!$R$3:$R$202,34),LISTADO!$R$3:$R$202,0)),"")
A60: 35 | B60: =IFERROR(INDEX(LISTADO!$D$3:$D$202,MATCH(LARGE(LISTADO!$R$3:$R$202,35),LISTADO!$R$3:$R$202,0)),"") | C60: =IFERROR(INDEX(LISTADO!$E$3:$E$202,MATCH(LARGE(LISTADO!$R$3:$R$202,35),LISTADO!$R$3:$R$202,0)),"") | D60: =IFERROR(INDEX(LISTADO!$F$3:$F$202,MATCH(LARGE(LISTADO!$R$3:$R$202,35),LISTADO!$R$3:$R$202,0)),"") | E60: =IFERROR(LARGE(LISTADO!$R$3:$R$202,35),"") | F60: =IFERROR(INDEX(LISTADO!$S$3:$S$202,MATCH(LARGE(LISTADO!$R$3:$R$202,35),LISTADO!$R$3:$R$202,0)),"")
A61: 36 | B61: =IFERROR(INDEX(LISTADO!$D$3:$D$202,MATCH(LARGE(LISTADO!$R$3:$R$202,36),LISTADO!$R$3:$R$202,0)),"") | C61: =IFERROR(INDEX(LISTADO!$E$3:$E$202,MATCH(LARGE(LISTADO!$R$3:$R$202,36),LISTADO!$R$3:$R$202,0)),"") | D61: =IFERROR(INDEX(LISTADO!$F$3:$F$202,MATCH(LARGE(LISTADO!$R$3:$R$202,36),LISTADO!$R$3:$R$202,0)),"") | E61: =IFERROR(LARGE(LISTADO!$R$3:$R$202,36),"") | F61: =IFERROR(INDEX(LISTADO!$S$3:$S$202,MATCH(LARGE(LISTADO!$R$3:$R$202,36),LISTADO!$R$3:$R$202,0)),"")
A62: 37 | B62: =IFERROR(INDEX(LISTADO!$D$3:$D$202,MATCH(LARGE(LISTADO!$R$3:$R$202,37),LISTADO!$R$3:$R$202,0)),"") | C62: =IFERROR(INDEX(LISTADO!$E$3:$E$202,MATCH(LARGE(LISTADO!$R$3:$R$202,37),LISTADO!$R$3:$R$202,0)),"") | D62: =IFERROR(INDEX(LISTADO!$F$3:$F$202,MATCH(LARGE(LISTADO!$R$3:$R$202,37),LISTADO!$R$3:$R$202,0)),"") | E62: =IFERROR(LARGE(LISTADO!$R$3:$R$202,37),"") | F62: =IFERROR(INDEX(LISTADO!$S$3:$S$202,MATCH(LARGE(LISTADO!$R$3:$R$202,37),LISTADO!$R$3:$R$202,0)),"")
A63: 38 | B63: =IFERROR(INDEX(LISTADO!$D$3:$D$202,MATCH(LARGE(LISTADO!$R$3:$R$202,38),LISTADO!$R$3:$R$202,0)),"") | C63: =IFERROR(INDEX(LISTADO!$E$3:$E$202,MATCH(LARGE(LISTADO!$R$3:$R$202,38),LISTADO!$R$3:$R$202,0)),"") | D63: =IFERROR(INDEX(LISTADO!$F$3:$F$202,MATCH(LARGE(LISTADO!$R$3:$R$202,38),LISTADO!$R$3:$R$202,0)),"") | E63: =IFERROR(LARGE(LISTADO!$R$3:$R$202,38),"") | F63: =IFERROR(INDEX(LISTADO!$S$3:$S$202,MATCH(LARGE(LISTADO!$R$3:$R$202,38),LISTADO!$R$3:$R$202,0)),"")
A64: 39 | B64: =IFERROR(INDEX(LISTADO!$D$3:$D$202,MATCH(LARGE(LISTADO!$R$3:$R$202,39),LISTADO!$R$3:$R$202,0)),"") | C64: =IFERROR(INDEX(LISTADO!$E$3:$E$202,MATCH(LARGE(LISTADO!$R$3:$R$202,39),LISTADO!$R$3:$R$202,0)),"") | D64: =IFERROR(INDEX(LISTADO!$F$3:$F$202,MATCH(LARGE(LISTADO!$R$3:$R$202,39),LISTADO!$R$3:$R$202,0)),"") | E64: =IFERROR(LARGE(LISTADO!$R$3:$R$202,39),"") | F64: =IFERROR(INDEX(LISTADO!$S$3:$S$202,MATCH(LARGE(LISTADO!$R$3:$R$202,39),LISTADO!$R$3:$R$202,0)),"")
A65: 40 | B65: =IFERROR(INDEX(LISTADO!$D$3:$D$202,MATCH(LARGE(LISTADO!$R$3:$R$202,40),LISTADO!$R$3:$R$202,0)),"") | C65: =IFERROR(INDEX(LISTADO!$E$3:$E$202,MATCH(LARGE(LISTADO!$R$3:$R$202,40),LISTADO!$R$3:$R$202,0)),"") | D65: =IFERROR(INDEX(LISTADO!$F$3:$F$202,MATCH(LARGE(LISTADO!$R$3:$R$202,40),LISTADO!$R$3:$R$202,0)),"") | E65: =IFERROR(LARGE(LISTADO!$R$3:$R$202,40),"") | F65: =IFERROR(INDEX(LISTADO!$S$3:$S$202,MATCH(LARGE(LISTADO!$R$3:$R$202,40),LISTADO!$R$3:$R$202,0)),"")
A66: 41 | B66: =IFERROR(INDEX(LISTADO!$D$3:$D$202,MATCH(LARGE(LISTADO!$R$3:$R$202,41),LISTADO!$R$3:$R$202,0)),"") | C66: =IFERROR(INDEX(LISTADO!$E$3:$E$202,MATCH(LARGE(LISTADO!$R$3:$R$202,41),LISTADO!$R$3:$R$202,0)),"") | D66: =IFERROR(INDEX(LISTADO!$F$3:$F$202,MATCH(LARGE(LISTADO!$R$3:$R$202,41),LISTADO!$R$3:$R$202,0)),"") | E66: =IFERROR(LARGE(LISTADO!$R$3:$R$202,41),"") | F66: =IFERROR(INDEX(LISTADO!$S$3:$S$202,MATCH(LARGE(LISTADO!$R$3:$R$202,41),LISTADO!$R$3:$R$202,0)),"")
A67: 42 | B67: =IFERROR(INDEX(LISTADO!$D$3:$D$202,MATCH(LARGE(LISTADO!$R$3:$R$202,42),LISTADO!$R$3:$R$202,0)),"") | C67: =IFERROR(INDEX(LISTADO!$E$3:$E$202,MATCH(LARGE(LISTADO!$R$3:$R$202,42),LISTADO!$R$3:$R$202,0)),"") | D67: =IFERROR(INDEX(LISTADO!$F$3:$F$202,MATCH(LARGE(LISTADO!$R$3:$R$202,42),LISTADO!$R$3:$R$202,0)),"") | E67: =IFERROR(LARGE(LISTADO!$R$3:$R$202,42),"") | F67: =IFERROR(INDEX(LISTADO!$S$3:$S$202,MATCH(LARGE(LISTADO!$R$3:$R$202,42),LISTADO!$R$3:$R$202,0)),"")
A68: 43 | B68: =IFERROR(INDEX(LISTADO!$D$3:$D$202,MATCH(LARGE(LISTADO!$R$3:$R$202,43),LISTADO!$R$3:$R$202,0)),"") | C68: =IFERROR(INDEX(LISTADO!$E$3:$E$202,MATCH(LARGE(LISTADO!$R$3:$R$202,43),LISTADO!$R$3:$R$202,0)),"") | D68: =IFERROR(INDEX(LISTADO!$F$3:$F$202,MATCH(LARGE(LISTADO!$R$3:$R$202,43),LISTADO!$R$3:$R$202,0)),"") | E68: =IFERROR(LARGE(LISTADO!$R$3:$R$202,43),"") | F68: =IFERROR(INDEX(LISTADO!$S$3:$S$202,MATCH(LARGE(LISTADO!$R$3:$R$202,43),LISTADO!$R$3:$R$202,0)),"")
A69: 44 | B69: =IFERROR(INDEX(LISTADO!$D$3:$D$202,MATCH(LARGE(LISTADO!$R$3:$R$202,44),LISTADO!$R$3:$R$202,0)),"") | C69: =IFERROR(INDEX(LISTADO!$E$3:$E$202,MATCH(LARGE(LISTADO!$R$3:$R$202,44),LISTADO!$R$3:$R$202,0)),"") | D69: =IFERROR(INDEX(LISTADO!$F$3:$F$202,MATCH(LARGE(LISTADO!$R$3:$R$202,44),LISTADO!$R$3:$R$202,0)),"") | E69: =IFERROR(LARGE(LISTADO!$R$3:$R$202,44),"") | F69: =IFERROR(INDEX(LISTADO!$S$3:$S$202,MATCH(LARGE(LISTADO!$R$3:$R$202,44),LISTADO!$R$3:$R$202,0)),"")
A70: 45 | B70: =IFERROR(INDEX(LISTADO!$D$3:$D$202,MATCH(LARGE(LISTADO!$R$3:$R$202,45),LISTADO!$R$3:$R$202,0)),"") | C70: =IFERROR(INDEX(LISTADO!$E$3:$E$202,MATCH(LARGE(LISTADO!$R$3:$R$202,45),LISTADO!$R$3:$R$202,0)),"") | D70: =IFERROR(INDEX(LISTADO!$F$3:$F$202,MATCH(LARGE(LISTADO!$R$3:$R$202,45),LISTADO!$R$3:$R$202,0)),"") | E70: =IFERROR(LARGE(LISTADO!$R$3:$R$202,45),"") | F70: =IFERROR(INDEX(LISTADO!$S$3:$S$202,MATCH(LARGE(LISTADO!$R$3:$R$202,45),LISTADO!$R$3:$R$202,0)),"")
A71: 46 | B71: =IFERROR(INDEX(LISTADO!$D$3:$D$202,MATCH(LARGE(LISTADO!$R$3:$R$202,46),LISTADO!$R$3:$R$202,0)),"") | C71: =IFERROR(INDEX(LISTADO!$E$3:$E$202,MATCH(LARGE(LISTADO!$R$3:$R$202,46),LISTADO!$R$3:$R$202,0)),"") | D71: =IFERROR(INDEX(LISTADO!$F$3:$F$202,MATCH(LARGE(LISTADO!$R$3:$R$202,46),LISTADO!$R$3:$R$202,0)),"") | E71: =IFERROR(LARGE(LISTADO!$R$3:$R$202,46),"") | F71: =IFERROR(INDEX(LISTADO!$S$3:$S$202,MATCH(LARGE(LISTADO!$R$3:$R$202,46),LISTADO!$R$3:$R$202,0)),"")
A72: 47 | B72: =IFERROR(INDEX(LISTADO!$D$3:$D$202,MATCH(LARGE(LISTADO!$R$3:$R$202,47),LISTADO!$R$3:$R$202,0)),"") | C72: =IFERROR(INDEX(LISTADO!$E$3:$E$202,MATCH(LARGE(LISTADO!$R$3:$R$202,47),LISTADO!$R$3:$R$202,0)),"") | D72: =IFERROR(INDEX(LISTADO!$F$3:$F$202,MATCH(LARGE(LISTADO!$R$3:$R$202,47),LISTADO!$R$3:$R$202,0)),"") | E72: =IFERROR(LARGE(LISTADO!$R$3:$R$202,47),"") | F72: =IFERROR(INDEX(LISTADO!$S$3:$S$202,MATCH(LARGE(LISTADO!$R$3:$R$202,47),LISTADO!$R$3:$R$202,0)),"")
A73: 48 | B73: =IFERROR(INDEX(LISTADO!$D$3:$D$202,MATCH(LARGE(LISTADO!$R$3:$R$202,48),LISTADO!$R$3:$R$202,0)),"") | C73: =IFERROR(INDEX(LISTADO!$E$3:$E$202,MATCH(LARGE(LISTADO!$R$3:$R$202,48),LISTADO!$R$3:$R$202,0)),"") | D73: =IFERROR(INDEX(LISTADO!$F$3:$F$202,MATCH(LARGE(LISTADO!$R$3:$R$202,48),LISTADO!$R$3:$R$202,0)),"") | E73: =IFERROR(LARGE(LISTADO!$R$3:$R$202,48),"") | F73: =IFERROR(INDEX(LISTADO!$S$3:$S$202,MATCH(LARGE(LISTADO!$R$3:$R$202,48),LISTADO!$R$3:$R$202,0)),"")
A74: 49 | B74: =IFERROR(INDEX(LISTADO!$D$3:$D$202,MATCH(LARGE(LISTADO!$R$3:$R$202,49),LISTADO!$R$3:$R$202,0)),"") | C74: =IFERROR(INDEX(LISTADO!$E$3:$E$202,MATCH(LARGE(LISTADO!$R$3:$R$202,49),LISTADO!$R$3:$R$202,0)),"") | D74: =IFERROR(INDEX(LISTADO!$F$3:$F$202,MATCH(LARGE(LISTADO!$R$3:$R$202,49),LISTADO!$R$3:$R$202,0)),"") | E74: =IFERROR(LARGE(LISTADO!$R$3:$R$202,49),"") | F74: =IFERROR(INDEX(LISTADO!$S$3:$S$202,MATCH(LARGE(LISTADO!$R$3:$R$202,49),LISTADO!$R$3:$R$202,0)),"")
A75: 50 | B75: =IFERROR(INDEX(LISTADO!$D$3:$D$202,MATCH(LARGE(LISTADO!$R$3:$R$202,50),LISTADO!$R$3:$R$202,0)),"") | C75: =IFERROR(INDEX(LISTADO!$E$3:$E$202,MATCH(LARGE(LISTADO!$R$3:$R$202,50),LISTADO!$R$3:$R$202,0)),"") | D75: =IFERROR(INDEX(LISTADO!$F$3:$F$202,MATCH(LARGE(LISTADO!$R$3:$R$202,50),LISTADO!$R$3:$R$202,0)),"") | E75: =IFERROR(LARGE(LISTADO!$R$3:$R$202,50),"") | F75: =IFERROR(INDEX(LISTADO!$S$3:$S$202,MATCH(LARGE(LISTADO!$R$3:$R$202,50),LISTADO!$R$3:$R$202,0)),"")
A76: 51 | B76: =IFERROR(INDEX(LISTADO!$D$3:$D$202,MATCH(LARGE(LISTADO!$R$3:$R$202,51),LISTADO!$R$3:$R$202,0)),"") | C76: =IFERROR(INDEX(LISTADO!$E$3:$E$202,MATCH(LARGE(LISTADO!$R$3:$R$202,51),LISTADO!$R$3:$R$202,0)),"") | D76: =IFERROR(INDEX(LISTADO!$F$3:$F$202,MATCH(LARGE(LISTADO!$R$3:$R$202,51),LISTADO!$R$3:$R$202,0)),"") | E76: =IFERROR(LARGE(LISTADO!$R$3:$R$202,51),"") | F76: =IFERROR(INDEX(LISTADO!$S$3:$S$202,MATCH(LARGE(LISTADO!$R$3:$R$202,51),LISTADO!$R$3:$R$202,0)),"")
A77: 52 | B77: =IFERROR(INDEX(LISTADO!$D$3:$D$202,MATCH(LARGE(LISTADO!$R$3:$R$202,52),LISTADO!$R$3:$R$202,0)),"") | C77: =IFERROR(INDEX(LISTADO!$E$3:$E$202,MATCH(LARGE(LISTADO!$R$3:$R$202,52),LISTADO!$R$3:$R$202,0)),"") | D77: =IFERROR(INDEX(LISTADO!$F$3:$F$202,MATCH(LARGE(LISTADO!$R$3:$R$202,52),LISTADO!$R$3:$R$202,0)),"") | E77: =IFERROR(LARGE(LISTADO!$R$3:$R$202,52),"") | F77: =IFERROR(INDEX(LISTADO!$S$3:$S$202,MATCH(LARGE(LISTADO!$R$3:$R$202,52),LISTADO!$R$3:$R$202,0)),"")
A78: 53 | B78: =IFERROR(INDEX(LISTADO!$D$3:$D$202,MATCH(LARGE(LISTADO!$R$3:$R$202,53),LISTADO!$R$3:$R$202,0)),"") | C78: =IFERROR(INDEX(LISTADO!$E$3:$E$202,MATCH(LARGE(LISTADO!$R$3:$R$202,53),LISTADO!$R$3:$R$202,0)),"") | D78: =IFERROR(INDEX(LISTADO!$F$3:$F$202,MATCH(LARGE(LISTADO!$R$3:$R$202,53),LISTADO!$R$3:$R$202,0)),"") | E78: =IFERROR(LARGE(LISTADO!$R$3:$R$202,53),"") | F78: =IFERROR(INDEX(LISTADO!$S$3:$S$202,MATCH(LARGE(LISTADO!$R$3:$R$202,53),LISTADO!$R$3:$R$202,0)),"")
A79: 54 | B79: =IFERROR(INDEX(LISTADO!$D$3:$D$202,MATCH(LARGE(LISTADO!$R$3:$R$202,54),LISTADO!$R$3:$R$202,0)),"") | C79: =IFERROR(INDEX(LISTADO!$E$3:$E$202,MATCH(LARGE(LISTADO!$R$3:$R$202,54),LISTADO!$R$3:$R$202,0)),"") | D79: =IFERROR(INDEX(LISTADO!$F$3:$F$202,MATCH(LARGE(LISTADO!$R$3:$R$202,54),LISTADO!$R$3:$R$202,0)),"") | E79: =IFERROR(LARGE(LISTADO!$R$3:$R$202,54),"") | F79: =IFERROR(INDEX(LISTADO!$S$3:$S$202,MATCH(LARGE(LISTADO!$R$3:$R$202,54),LISTADO!$R$3:$R$202,0)),"")
A80: 55 | B80: =IFERROR(INDEX(LISTADO!$D$3:$D$202,MATCH(LARGE(LISTADO!$R$3:$R$202,55),LISTADO!$R$3:$R$202,0)),"") | C80: =IFERROR(INDEX(LISTADO!$E$3:$E$202,MATCH(LARGE(LISTADO!$R$3:$R$202,55),LISTADO!$R$3:$R$202,0)),"") | D80: =IFERROR(INDEX(LISTADO!$F$3:$F$202,MATCH(LARGE(LISTADO!$R$3:$R$202,55),LISTADO!$R$3:$R$202,0)),"") | E80: =IFERROR(LARGE(LISTADO!$R$3:$R$202,55),"") | F80: =IFERROR(INDEX(LISTADO!$S$3:$S$202,MATCH(LARGE(LISTADO!$R$3:$R$202,55),LISTADO!$R$3:$R$202,0)),"")
A81: 56 | B81: =IFERROR(INDEX(LISTADO!$D$3:$D$202,MATCH(LARGE(LISTADO!$R$3:$R$202,56),LISTADO!$R$3:$R$202,0)),"") | C81: =IFERROR(INDEX(LISTADO!$E$3:$E$202,MATCH(LARGE(LISTADO!$R$3:$R$202,56),LISTADO!$R$3:$R$202,0)),"") | D81: =IFERROR(INDEX(LISTADO!$F$3:$F$202,MATCH(LARGE(LISTADO!$R$3:$R$202,56),LISTADO!$R$3:$R$202,0)),"") | E81: =IFERROR(LARGE(LISTADO!$R$3:$R$202,56),"") | F81: =IFERROR(INDEX(LISTADO!$S$3:$S$202,MATCH(LARGE(LISTADO!$R$3:$R$202,56),LISTADO!$R$3:$R$202,0)),"")
A82: 57 | B82: =IFERROR(INDEX(LISTADO!$D$3:$D$202,MATCH(LARGE(LISTADO!$R$3:$R$202,57),LISTADO!$R$3:$R$202,0)),"") | C82: =IFERROR(INDEX(LISTADO!$E$3:$E$202,MATCH(LARGE(LISTADO!$R$3:$R$202,57),LISTADO!$R$3:$R$202,0)),"") | D82: =IFERROR(INDEX(LISTADO!$F$3:$F$202,MATCH(LARGE(LISTADO!$R$3:$R$202,57),LISTADO!$R$3:$R$202,0)),"") | E82: =IFERROR(LARGE(LISTADO!$R$3:$R$202,57),"") | F82: =IFERROR(INDEX(LISTADO!$S$3:$S$202,MATCH(LARGE(LISTADO!$R$3:$R$202,57),LISTADO!$R$3:$R$202,0)),"")
A83: 58 | B83: =IFERROR(INDEX(LISTADO!$D$3:$D$202,MATCH(LARGE(LISTADO!$R$3:$R$202,58),LISTADO!$R$3:$R$202,0)),"") | C83: =IFERROR(INDEX(LISTADO!$E$3:$E$202,MATCH(LARGE(LISTADO!$R$3:$R$202,58),LISTADO!$R$3:$R$202,0)),"") | D83: =IFERROR(INDEX(LISTADO!$F$3:$F$202,MATCH(LARGE(LISTADO!$R$3:$R$202,58),LISTADO!$R$3:$R$202,0)),"") | E83: =IFERROR(LARGE(LISTADO!$R$3:$R$202,58),"") | F83: =IFERROR(INDEX(LISTADO!$S$3:$S$202,MATCH(LARGE(LISTADO!$R$3:$R$202,58),LISTADO!$R$3:$R$202,0)),"")
A84: 59 | B84: =IFERROR(INDEX(LISTADO!$D$3:$D$202,MATCH(LARGE(LISTADO!$R$3:$R$202,59),LISTADO!$R$3:$R$202,0)),"") | C84: =IFERROR(INDEX(LISTADO!$E$3:$E$202,MATCH(LARGE(LISTADO!$R$3:$R$202,59),LISTADO!$R$3:$R$202,0)),"") | D84: =IFERROR(INDEX(LISTADO!$F$3:$F$202,MATCH(LARGE(LISTADO!$R$3:$R$202,59),LISTADO!$R$3:$R$202,0)),"") | E84: =IFERROR(LARGE(LISTADO!$R$3:$R$202,59),"") | F84: =IFERROR(INDEX(LISTADO!$S$3:$S$202,MATCH(LARGE(LISTADO!$R$3:$R$202,59),LISTADO!$R$3:$R$202,0)),"")
A85: 60 | B85: =IFERROR(INDEX(LISTADO!$D$3:$D$202,MATCH(LARGE(LISTADO!$R$3:$R$202,60),LISTADO!$R$3:$R$202,0)),"") | C85: =IFERROR(INDEX(LISTADO!$E$3:$E$202,MATCH(LARGE(LISTADO!$R$3:$R$202,60),LISTADO!$R$3:$R$202,0)),"") | D85: =IFERROR(INDEX(LISTADO!$F$3:$F$202,MATCH(LARGE(LISTADO!$R$3:$R$202,60),LISTADO!$R$3:$R$202,0)),"") | E85: =IFERROR(LARGE(LISTADO!$R$3:$R$202,60),"") | F85: =IFERROR(INDEX(LISTADO!$S$3:$S$202,MATCH(LARGE(LISTADO!$R$3:$R$202,60),LISTADO!$R$3:$R$202,0)),"")
A86: 61 | B86: =IFERROR(INDEX(LISTADO!$D$3:$D$202,MATCH(LARGE(LISTADO!$R$3:$R$202,61),LISTADO!$R$3:$R$202,0)),"") | C86: =IFERROR(INDEX(LISTADO!$E$3:$E$202,MATCH(LARGE(LISTADO!$R$3:$R$202,61),LISTADO!$R$3:$R$202,0)),"") | D86: =IFERROR(INDEX(LISTADO!$F$3:$F$202,MATCH(LARGE(LISTADO!$R$3:$R$202,61),LISTADO!$R$3:$R$202,0)),"") | E86: =IFERROR(LARGE(LISTADO!$R$3:$R$202,61),"") | F86: =IFERROR(INDEX(LISTADO!$S$3:$S$202,MATCH(LARGE(LISTADO!$R$3:$R$202,61),LISTADO!$R$3:$R$202,0)),"")
A87: 62 | B87: =IFERROR(INDEX(LISTADO!$D$3:$D$202,MATCH(LARGE(LISTADO!$R$3:$R$202,62),LISTADO!$R$3:$R$202,0)),"") | C87: =IFERROR(INDEX(LISTADO!$E$3:$E$202,MATCH(LARGE(LISTADO!$R$3:$R$202,62),LISTADO!$R$3:$R$202,0)),"") | D87: =IFERROR(INDEX(LISTADO!$F$3:$F$202,MATCH(LARGE(LISTADO!$R$3:$R$202,62),LISTADO!$R$3:$R$202,0)),"") | E87: =IFERROR(LARGE(LISTADO!$R$3:$R$202,62),"") | F87: =IFERROR(INDEX(LISTADO!$S$3:$S$202,MATCH(LARGE(LISTADO!$R$3:$R$202,62),LISTADO!$R$3:$R$202,0)),"")
A88: 63 | B88: =IFERROR(INDEX(LISTADO!$D$3:$D$202,MATCH(LARGE(LISTADO!$R$3:$R$202,63),LISTADO!$R$3:$R$202,0)),"") | C88: =IFERROR(INDEX(LISTADO!$E$3:$E$202,MATCH(LARGE(LISTADO!$R$3:$R$202,63),LISTADO!$R$3:$R$202,0)),"") | D88: =IFERROR(INDEX(LISTADO!$F$3:$F$202,MATCH(LARGE(LISTADO!$R$3:$R$202,63),LISTADO!$R$3:$R$202,0)),"") | E88: =IFERROR(LARGE(LISTADO!$R$3:$R$202,63),"") | F88: =IFERROR(INDEX(LISTADO!$S$3:$S$202,MATCH(LARGE(LISTADO!$R$3:$R$202,63),LISTADO!$R$3:$R$202,0)),"")
A89: 64 | B89: =IFERROR(INDEX(LISTADO!$D$3:$D$202,MATCH(LARGE(LISTADO!$R$3:$R$202,64),LISTADO!$R$3:$R$202,0)),"") | C89: =IFERROR(INDEX(LISTADO!$E$3:$E$202,MATCH(LARGE(LISTADO!$R$3:$R$202,64),LISTADO!$R$3:$R$202,0)),"") | D89: =IFERROR(INDEX(LISTADO!$F$3:$F$202,MATCH(LARGE(LISTADO!$R$3:$R$202,64),LISTADO!$R$3:$R$202,0)),"") | E89: =IFERROR(LARGE(LISTADO!$R$3:$R$202,64),"") | F89: =IFERROR(INDEX(LISTADO!$S$3:$S$202,MATCH(LARGE(LISTADO!$R$3:$R$202,64),LISTADO!$R$3:$R$202,0)),"")
A90: 65 | B90: =IFERROR(INDEX(LISTADO!$D$3:$D$202,MATCH(LARGE(LISTADO!$R$3:$R$202,65),LISTADO!$R$3:$R$202,0)),"") | C90: =IFERROR(INDEX(LISTADO!$E$3:$E$202,MATCH(LARGE(LISTADO!$R$3:$R$202,65),LISTADO!$R$3:$R$202,0)),"") | D90: =IFERROR(INDEX(LISTADO!$F$3:$F$202,MATCH(LARGE(LISTADO!$R$3:$R$202,65),LISTADO!$R$3:$R$202,0)),"") | E90: =IFERROR(LARGE(LISTADO!$R$3:$R$202,65),"") | F90: =IFERROR(INDEX(LISTADO!$S$3:$S$202,MATCH(LARGE(LISTADO!$R$3:$R$202,65),LISTADO!$R$3:$R$202,0)),"")
A91: 66 | B91: =IFERROR(INDEX(LISTADO!$D$3:$D$202,MATCH(LARGE(LISTADO!$R$3:$R$202,66),LISTADO!$R$3:$R$202,0)),"") | C91: =IFERROR(INDEX(LISTADO!$E$3:$E$202,MATCH(LARGE(LISTADO!$R$3:$R$202,66),LISTADO!$R$3:$R$202,0)),"") | D91: =IFERROR(INDEX(LISTADO!$F$3:$F$202,MATCH(LARGE(LISTADO!$R$3:$R$202,66),LISTADO!$R$3:$R$202,0)),"") | E91: =IFERROR(LARGE(LISTADO!$R$3:$R$202,66),"") | F91: =IFERROR(INDEX(LISTADO!$S$3:$S$202,MATCH(LARGE(LISTADO!$R$3:$R$202,66),LISTADO!$R$3:$R$202,0)),"")
A92: 67 | B92: =IFERROR(INDEX(LISTADO!$D$3:$D$202,MATCH(LARGE(LISTADO!$R$3:$R$202,67),LISTADO!$R$3:$R$202,0)),"") | C92: =IFERROR(INDEX(LISTADO!$E$3:$E$202,MATCH(LARGE(LISTADO!$R$3:$R$202,67),LISTADO!$R$3:$R$202,0)),"") | D92: =IFERROR(INDEX(LISTADO!$F$3:$F$202,MATCH(LARGE(LISTADO!$R$3:$R$202,67),LISTADO!$R$3:$R$202,0)),"") | E92: =IFERROR(LARGE(LISTADO!$R$3:$R$202,67),"") | F92: =IFERROR(INDEX(LISTADO!$S$3:$S$202,MATCH(LARGE(LISTADO!$R$3:$R$202,67),LISTADO!$R$3:$R$202,0)),"")
A93: 68 | B93: =IFERROR(INDEX(LISTADO!$D$3:$D$202,MATCH(LARGE(LISTADO!$R$3:$R$202,68),LISTADO!$R$3:$R$202,0)),"") | C93: =IFERROR(INDEX(LISTADO!$E$3:$E$202,MATCH(LARGE(LISTADO!$R$3:$R$202,68),LISTADO!$R$3:$R$202,0)),"") | D93: =IFERROR(INDEX(LISTADO!$F$3:$F$202,MATCH(LARGE(LISTADO!$R$3:$R$202,68),LISTADO!$R$3:$R$202,0)),"") | E93: =IFERROR(LARGE(LISTADO!$R$3:$R$202,68),"") | F93: =IFERROR(INDEX(LISTADO!$S$3:$S$202,MATCH(LARGE(LISTADO!$R$3:$R$202,68),LISTADO!$R$3:$R$202,0)),"")
A94: 69 | B94: =IFERROR(INDEX(LISTADO!$D$3:$D$202,MATCH(LARGE(LISTADO!$R$3:$R$202,69),LISTADO!$R$3:$R$202,0)),"") | C94: =IFERROR(INDEX(LISTADO!$E$3:$E$202,MATCH(LARGE(LISTADO!$R$3:$R$202,69),LISTADO!$R$3:$R$202,0)),"") | D94: =IFERROR(INDEX(LISTADO!$F$3:$F$202,MATCH(LARGE(LISTADO!$R$3:$R$202,69),LISTADO!$R$3:$R$202,0)),"") | E94: =IFERROR(LARGE(LISTADO!$R$3:$R$202,69),"") | F94: =IFERROR(INDEX(LISTADO!$S$3:$S$202,MATCH(LARGE(LISTADO!$R$3:$R$202,69),LISTADO!$R$3:$R$202,0)),"")
A95: 70 | B95: =IFERROR(INDEX(LISTADO!$D$3:$D$202,MATCH(LARGE(LISTADO!$R$3:$R$202,70),LISTADO!$R$3:$R$202,0)),"") | C95: =IFERROR(INDEX(LISTADO!$E$3:$E$202,MATCH(LARGE(LISTADO!$R$3:$R$202,70),LISTADO!$R$3:$R$202,0)),"") | D95: =IFERROR(INDEX(LISTADO!$F$3:$F$202,MATCH(LARGE(LISTADO!$R$3:$R$202,70),LISTADO!$R$3:$R$202,0)),"") | E95: =IFERROR(LARGE(LISTADO!$R$3:$R$202,70),"") | F95: =IFERROR(INDEX(LISTADO!$S$3:$S$202,MATCH(LARGE(LISTADO!$R$3:$R$202,70),LISTADO!$R$3:$R$202,0)),"")
A96: 71 | B96: =IFERROR(INDEX(LISTADO!$D$3:$D$202,MATCH(LARGE(LISTADO!$R$3:$R$202,71),LISTADO!$R$3:$R$202,0)),"") | C96: =IFERROR(INDEX(LISTADO!$E$3:$E$202,MATCH(LARGE(LISTADO!$R$3:$R$202,71),LISTADO!$R$3:$R$202,0)),"") | D96: =IFERROR(INDEX(LISTADO!$F$3:$F$202,MATCH(LARGE(LISTADO!$R$3:$R$202,71),LISTADO!$R$3:$R$202,0)),"") | E96: =IFERROR(LARGE(LISTADO!$R$3:$R$202,71),"") | F96: =IFERROR(INDEX(LISTADO!$S$3:$S$202,MATCH(LARGE(LISTADO!$R$3:$R$202,71),LISTADO!$R$3:$R$202,0)),"")
A97: 72 | B97: =IFERROR(INDEX(LISTADO!$D$3:$D$202,MATCH(LARGE(LISTADO!$R$3:$R$202,72),LISTADO!$R$3:$R$202,0)),"") | C97: =IFERROR(INDEX(LISTADO!$E$3:$E$202,MATCH(LARGE(LISTADO!$R$3:$R$202,72),LISTADO!$R$3:$R$202,0)),"") | D97: =IFERROR(INDEX(LISTADO!$F$3:$F$202,MATCH(LARGE(LISTADO!$R$3:$R$202,72),LISTADO!$R$3:$R$202,0)),"") | E97: =IFERROR(LARGE(LISTADO!$R$3:$R$202,72),"") | F97: =IFERROR(INDEX(LISTADO!$S$3:$S$202,MATCH(LARGE(LISTADO!$R$3:$R$202,72),LISTADO!$R$3:$R$202,0)),"")
A98: 73 | B98: =IFERROR(INDEX(LISTADO!$D$3:$D$202,MATCH(LARGE(LISTADO!$R$3:$R$202,73),LISTADO!$R$3:$R$202,0)),"") | C98: =IFERROR(INDEX(LISTADO!$E$3:$E$202,MATCH(LARGE(LISTADO!$R$3:$R$202,73),LISTADO!$R$3:$R$202,0)),"") | D98: =IFERROR(INDEX(LISTADO!$F$3:$F$202,MATCH(LARGE(LISTADO!$R$3:$R$202,73),LISTADO!$R$3:$R$202,0)),"") | E98: =IFERROR(LARGE(LISTADO!$R$3:$R$202,73),"") | F98: =IFERROR(INDEX(LISTADO!$S$3:$S$202,MATCH(LARGE(LISTADO!$R$3:$R$202,73),LISTADO!$R$3:$R$202,0)),"")
A99: 74 | B99: =IFERROR(INDEX(LISTADO!$D$3:$D$202,MATCH(LARGE(LISTADO!$R$3:$R$202,74),LISTADO!$R$3:$R$202,0)),"") | C99: =IFERROR(INDEX(LISTADO!$E$3:$E$202,MATCH(LARGE(LISTADO!$R$3:$R$202,74),LISTADO!$R$3:$R$202,0)),"") | D99: =IFERROR(INDEX(LISTADO!$F$3:$F$202,MATCH(LARGE(LISTADO!$R$3:$R$202,74),LISTADO!$R$3:$R$202,0)),"") | E99: =IFERROR(LARGE(LISTADO!$R$3:$R$202,74),"") | F99: =IFERROR(INDEX(LISTADO!$S$3:$S$202,MATCH(LARGE(LISTADO!$R$3:$R$202,74),LISTADO!$R$3:$R$202,0)),"")
A100: 75 | B100: =IFERROR(INDEX(LISTADO!$D$3:$D$202,MATCH(LARGE(LISTADO!$R$3:$R$202,75),LISTADO!$R$3:$R$202,0)),"") | C100: =IFERROR(INDEX(LISTADO!$E$3:$E$202,MATCH(LARGE(LISTADO!$R$3:$R$202,75),LISTADO!$R$3:$R$202,0)),"") | D100: =IFERROR(INDEX(LISTADO!$F$3:$F$202,MATCH(LARGE(LISTADO!$R$3:$R$202,75),LISTADO!$R$3:$R$202,0)),"") | E100: =IFERROR(LARGE(LISTADO!$R$3:$R$202,75),"") | F100: =IFERROR(INDEX(LISTADO!$S$3:$S$202,MATCH(LARGE(LISTADO!$R$3:$R$202,75),LISTADO!$R$3:$R$202,0)),"")
A101: 76 | B101: =IFERROR(INDEX(LISTADO!$D$3:$D$202,MATCH(LARGE(LISTADO!$R$3:$R$202,76),LISTADO!$R$3:$R$202,0)),"") | C101: =IFERROR(INDEX(LISTADO!$E$3:$E$202,MATCH(LARGE(LISTADO!$R$3:$R$202,76),LISTADO!$R$3:$R$202,0)),"") | D101: =IFERROR(INDEX(LISTADO!$F$3:$F$202,MATCH(LARGE(LISTADO!$R$3:$R$202,76),LISTADO!$R$3:$R$202,0)),"") | E101: =IFERROR(LARGE(LISTADO!$R$3:$R$202,76),"") | F101: =IFERROR(INDEX(LISTADO!$S$3:$S$202,MATCH(LARGE(LISTADO!$R$3:$R$202,76),LISTADO!$R$3:$R$202,0)),"")
A102: 77 | B102: =IFERROR(INDEX(LISTADO!$D$3:$D$202,MATCH(LARGE(LISTADO!$R$3:$R$202,77),LISTADO!$R$3:$R$202,0)),"") | C102: =IFERROR(INDEX(LISTADO!$E$3:$E$202,MATCH(LARGE(LISTADO!$R$3:$R$202,77),LISTADO!$R$3:$R$202,0)),"") | D102: =IFERROR(INDEX(LISTADO!$F$3:$F$202,MATCH(LARGE(LISTADO!$R$3:$R$202,77),LISTADO!$R$3:$R$202,0)),"") | E102: =IFERROR(LARGE(LISTADO!$R$3:$R$202,77),"") | F102: =IFERROR(INDEX(LISTADO!$S$3:$S$202,MATCH(LARGE(LISTADO!$R$3:$R$202,77),LISTADO!$R$3:$R$202,0)),"")
A103: 78 | B103: =IFERROR(INDEX(LISTADO!$D$3:$D$202,MATCH(LARGE(LISTADO!$R$3:$R$202,78),LISTADO!$R$3:$R$202,0)),"") | C103: =IFERROR(INDEX(LISTADO!$E$3:$E$202,MATCH(LARGE(LISTADO!$R$3:$R$202,78),LISTADO!$R$3:$R$202,0)),"") | D103: =IFERROR(INDEX(LISTADO!$F$3:$F$202,MATCH(LARGE(LISTADO!$R$3:$R$202,78),LISTADO!$R$3:$R$202,0)),"") | E103: =IFERROR(LARGE(LISTADO!$R$3:$R$202,78),"") | F103: =IFERROR(INDEX(LISTADO!$S$3:$S$202,MATCH(LARGE(LISTADO!$R$3:$R$202,78),LISTADO!$R$3:$R$202,0)),"")
...
